Title,Category,4B NM,4B HD,4B MX,4B SC,5B NM,5B HD,5B MX,5B SC,6B NM,6B HD,6B MX,6B SC,8B NM,8B HD,8B MX,8B SC
After School Dessert,BA,4,6,10,7,5,8,11,8,4,9,10,10,5,8,12,8
Bunny Bunny Carrot Carrot,BA,4,7,12,8,5,9,12,8,6,10,12,9,6,9,13,11
Goal Wo Nerae!,BA,5,7,11,7,6,9,12,7,6,10,12,8,6,9,13,8
Gregorious | Symphony,BA,6,12,14,13,6,10,14,12,6,10,11,13,5,11,14,14
Hifumi Daisuki,BA,3,6,12,6,4,8,11,7,5,9,11,10,4,8,12,8
HIGH5LANDER,BA,4,8,14,9,6,9,12,12,5,9,13,12,6,9,13,12
Luminous Memory,BA,1,6,8,4,3,7,13,6,2,6,11,7,2,7,13,8
Operation☆DOTABATA!,BA,4,9,12,8,5,8,12,7,4,9,13,7,5,7,12,9
Oxygen Destroyer,BA,4,9,14,12,5,9,13,12,5,9,12,13,7,10,13,13
Polyphonic,BA,5,8,14,14,5,9,13,12,5,8,13,12,4,8,13,12
Raise the Huddle,BA,3,8,13,10,5,10,12,9,6,10,12,10,5,10,12,10
RE Aoharu,BA,5,9,14,11,6,10,12,9,5,10,11,11,5,10,12,11
Tok9 Train,BA,4,9,13,11,4,11,12,11,3,10,12,11,4,10,12,11
Unwelcome School,BA,6,7,14,12,7,11,13,12,7,11,13,12,7,10,13,11
Usagi Flap,BA,3,6,10,7,5,8,13,9,4,8,12,7,5,8,12,9
Airwave ~Extended Mix~,BS,8,10,13,0,7,10,14,0,6,12,14,0,7,10,13,0
ANALYS,BS,7,11,14,12,7,11,0,13,8,12,14,10,8,11,14,11
Beat U Down,BS,8,12,14,11,8,10,14,10,9,12,14,9,8,11,14,11
Colours of Sorrow,BS,5,0,11,6,6,9,12,8,5,9,12,7,6,9,13,10
Cypher Gate,BS,6,9,0,9,7,10,0,10,7,10,13,10,7,10,13,10
Desperado,BS,5,9,11,7,7,11,0,5,5,8,11,4,7,12,0,9
Fermion,BS,8,11,14,12,7,11,14,13,8,12,14,11,7,10,15,10
Fever Pitch Girl,BS,5,8,0,6,4,7,10,0,6,10,0,0,6,11,0,4
Get Down,BS,4,7,9,0,4,9,0,0,4,7,10,1,5,10,0,0
Grave Consequence,BS,6,10,14,11,6,10,13,11,7,12,0,13,7,10,14,0
Heart of Witch,BS,7,12,14,11,7,12,15,12,7,12,14,12,8,12,15,13
In my Dream,BS,5,10,14,13,8,11,14,10,7,11,14,13,8,10,15,13
Jealousy,BS,3,7,0,2,3,6,9,0,4,0,9,0,3,7,9,0
Keys to the World,BS,5,8,12,7,6,9,13,0,6,11,0,8,6,10,13,0
Lovely hands,BS,4,0,10,0,5,9,11,0,3,10,0,5,6,9,11,3
Lover (BS Style),BS,5,7,12,4,5,10,0,6,4,8,11,6,5,8,10,7
PDM,BS,4,8,10,0,4,7,9,0,4,10,0,7,4,9,0,2
"Proposed, Flower, and Wolf part.2",BS,3,8,0,0,4,11,0,2,4,8,11,0,5,11,0,6
Ready Now,BS,4,8,0,3,4,7,9,4,5,7,10,0,5,0,9,3
Ruti'n,BS,4,10,0,5,5,8,11,8,5,9,11,4,5,10,0,5
Secret World,BS,4,7,10,0,3,8,0,0,4,7,9,0,4,0,9,0
Y (BS Style),BS,5,8,11,5,4,7,0,3,4,8,12,0,4,8,12,0
Closer,CE,3,0,8,1,3,8,0,1,3,6,0,1,4,8,0,2
Coastal Tempo,CE,5,7,11,6,3,8,12,6,4,7,11,3,4,8,11,4
Color,CE,5,0,11,0,5,10,0,9,6,0,10,5,5,9,12,0
Come to Me,CE,3,5,8,3,4,0,7,2,2,7,9,0,4,7,12,0
Creator,CE,2,7,12,0,1,5,11,0,5,9,0,6,1,10,0,6
Dark ENVY,CE,6,11,15,11,6,10,14,12,7,10,13,12,6,10,14,12
Electronics,CE,4,8,10,9,4,8,13,0,5,8,12,0,4,9,12,8
Fate,CE,3,6,9,0,3,8,10,0,3,9,0,0,3,7,10,5
First Kiss,CE,2,4,8,1,2,4,7,1,2,5,7,1,2,4,8,1
Flea,CE,4,9,12,0,4,7,12,0,5,9,11,6,6,0,13,0
Forever,CE,4,6,8,0,4,0,8,0,3,6,9,5,3,6,9,2
Freedom,CE,4,7,10,0,5,7,10,0,7,0,10,0,6,8,10,0
Here in the Moment,CE,4,6,9,3,4,7,10,6,5,7,10,0,5,0,10,5
Here in the Moment ~Extended Mix~,CE,4,6,9,6,5,8,11,0,6,9,12,0,5,8,11,6
In My Heart,CE,3,7,10,0,4,8,10,0,4,8,10,5,3,7,10,1
Love Mode,CE,3,8,0,2,2,6,9,2,4,8,0,4,2,6,10,4
Lover (CE Style),CE,5,8,10,0,5,10,0,3,5,8,11,0,4,8,10,4
"Proposed, Flower, and Wolf",CE,1,3,6,0,1,6,0,1,1,4,7,0,1,3,7,1
Rising The Sonic,CE,4,9,12,8,5,10,13,6,5,9,13,9,5,10,14,10
Tell Me,CE,1,6,0,0,2,5,9,0,3,4,7,0,1,8,0,0
The Clear Blue Sky,CE,4,9,13,0,6,9,13,11,6,9,13,7,4,10,13,5
The Night Stage,CE,3,6,0,2,3,7,0,0,3,8,0,0,3,7,10,0
To you,CE,3,6,0,6,3,0,8,7,3,5,9,0,3,7,0,0
Urban Night (hYO),CE,4,8,0,0,5,8,0,0,3,8,0,0,3,0,8,0
Y (CE Style),CE,5,8,11,6,5,9,0,5,5,8,11,8,5,9,13,7
Cyberozar,CHU,6,0,12,10,6,11,0,9,6,0,13,9,10,0,14,11
Garakuta Doll Play,CHU,7,13,0,13,9,12,15,13,9,0,15,14,8,12,15,10
Ikazuchi,CHU,8,0,15,14,8,0,15,14,6,13,15,14,8,13,15,14
Ray Tuning,CHU,6,12,0,9,8,13,0,10,8,13,0,8,9,13,0,11
The wheel to the right,CHU,6,11,14,12,7,12,0,9,6,12,15,10,7,13,15,12
Trrricksters!!,CHU,6,0,14,12,9,13,15,13,9,12,15,13,9,13,15,13
alliance,CP,6,11,14,14,6,10,14,11,6,12,15,15,6,12,15,14
Insane Drift,CP,7,11,14,12,7,11,14,12,7,11,14,14,7,12,14,12
Kill Trap,CP,6,10,15,11,7,11,15,12,6,11,15,11,7,11,15,13
AXION,CY,4,0,12,7,5,12,0,8,5,11,13,10,5,13,0,9
CODE NAME : ZERO,CY,5,12,0,9,6,12,15,9,5,12,13,11,6,12,14,12
conflict,CY,5,11,14,11,6,12,0,10,4,11,14,12,7,11,14,11
EMber,CY,5,12,0,10,6,10,0,10,4,10,13,10,6,12,15,10
Entrance,CY,7,0,15,13,7,13,0,13,9,0,15,13,6,12,15,13
L,CY,3,12,0,11,5,0,14,13,6,12,15,14,8,0,15,12
Les Parfums de L'Amour,CY,4,0,13,7,7,0,13,8,5,0,12,6,8,14,0,7
Mammal,CY,6,12,15,11,6,12,15,11,6,12,14,12,8,12,15,11
Myosotis,CY,5,10,13,9,6,12,0,7,5,10,13,9,7,0,14,10
Old Gold,CY,6,11,0,6,6,11,13,8,5,10,13,8,6,11,13,9
Shoot out,CY,3,8,12,6,4,11,13,6,4,10,13,9,5,9,13,6
Ververg,CY,4,0,9,3,4,0,12,7,4,10,0,7,4,12,0,6
Angelic Sphere,DM,4,8,12,9,5,8,11,9,4,8,13,9,6,8,12,10
ANiMA,DM,6,9,14,11,8,13,15,11,7,13,15,14,8,12,15,15
Dream,DM,2,0,6,1,3,0,8,1,2,0,10,2,4,7,11,2
Legacy,DM,3,6,8,1,4,8,0,1,4,7,0,2,4,8,10,2
Magnolia,DM,6,10,13,9,6,10,11,7,6,11,13,6,7,11,13,12
Nine point eight,DM,5,8,11,5,5,9,12,3,6,9,12,6,7,11,0,6
Sairai,DM,3,0,8,2,3,6,9,2,5,0,9,1,5,7,12,5
Undo,DM,4,8,0,2,5,7,10,2,4,7,10,2,4,7,9,2
Utopiosphere,DM,4,6,10,2,4,8,0,2,4,8,12,5,5,11,0,2
YUBIKIRI-GENMAN,DM,4,8,0,1,5,0,9,1,4,0,10,2,4,0,10,1
Cosmic Elevator,ES,4,8,0,6,5,10,0,7,6,12,0,9,6,12,0,9
Feel,ES,4,7,0,1,4,9,0,6,5,0,10,3,6,0,11,6
Knowledge System,ES,6,10,0,11,7,11,13,8,7,10,13,8,7,10,13,9
Real Over Drive,ES,7,0,12,8,6,11,0,7,7,13,0,9,7,13,0,9
Space of Soul,ES,6,10,14,11,7,12,14,10,7,12,14,11,7,12,14,12
Super lovely,ES,7,11,15,12,6,12,15,13,6,11,15,12,6,12,15,12
Urban Night (Electronic Boutique),ES,5,13,0,9,5,12,0,8,6,0,13,10,6,0,13,6
Yo! Max!,ES,2,8,0,2,4,8,0,3,4,0,8,4,4,8,0,5
HELIX,ESTI,6,0,12,0,7,10,13,11,7,10,13,9,6,11,13,10
In My Heart ~ESTi Remix~,ESTI,4,9,0,5,5,11,0,0,5,10,0,5,6,10,0,4
Obelisque,ESTI,6,0,12,0,6,10,13,7,7,10,12,7,7,11,13,8
pit-a-pet,ESTI,3,7,0,3,5,9,12,7,5,9,0,0,6,0,11,0
U-NIVUS,ESTI,5,9,0,4,5,11,0,4,6,11,0,0,6,11,0,0
A Site De La Rue,EZ2,5,8,12,10,7,11,14,13,7,10,14,13,8,12,15,13
Appeal,EZ2,1,5,7,3,2,7,10,4,2,5,8,3,3,7,10,4
Aquaris,EZ2,6,8,12,8,5,10,12,9,4,7,12,10,6,10,12,9
Back for more,EZ2,4,7,10,5,3,6,8,6,3,6,10,6,4,7,11,7
Complex,EZ2,5,8,11,9,6,9,14,11,4,8,13,9,5,10,13,11
Envy Mask,EZ2,6,8,9,6,6,8,11,8,4,8,11,7,3,8,13,7
Feel,EZ2,2,4,6,1,3,5,8,4,1,4,8,5,4,8,10,4
Lie Lie,EZ2,4,7,10,7,3,8,11,5,4,7,11,9,4,7,10,8
LIMBO,EZ2,8,12,15,15,8,12,15,14,9,13,15,15,10,12,15,14
Look out ~Here comes my love~,EZ2,2,5,9,5,3,7,9,4,3,6,9,5,3,6,10,6
Metagalactic,EZ2,5,8,13,11,5,10,12,11,6,9,13,11,6,8,13,12
Nihilism,EZ2,5,9,13,13,7,11,15,14,7,10,14,11,6,11,14,13
Sand Storm,EZ2,5,9,12,11,6,11,13,10,6,11,13,10,5,9,13,13
Showdown (Andy Lee),EZ2,5,7,11,9,5,9,11,9,5,9,12,12,6,8,12,10
Sparrow,EZ2,6,8,12,8,5,8,12,9,6,9,12,9,6,10,13,7
Stay,EZ2,6,8,10,6,6,8,11,8,5,8,10,6,6,8,12,5
Weird Wave,EZ2,6,7,12,11,6,8,13,12,5,10,12,11,6,9,13,13
Zeroize,EZ2,5,8,12,15,7,11,14,13,8,11,14,13,6,10,15,13
Ashita e no Kodou,FAL,2,5,8,4,5,7,10,3,5,6,9,4,4,8,10,6
Blue Destination,FAL,3,5,8,1,3,6,9,1,3,6,10,4,4,7,10,4
GENESIS BEYOND THE BEGINNING,FAL,5,9,13,10,5,9,12,8,4,9,13,9,5,8,13,10
Inevitable Struggle,FAL,5,7,12,8,5,9,12,7,5,8,12,7,6,8,13,10
NORSE WIND,FAL,5,8,13,10,6,10,14,11,7,10,14,11,7,12,14,13
Silver Will,FAL,2,5,7,2,3,6,10,2,3,6,11,4,5,8,11,5
STEP AHEAD,FAL,5,8,12,8,5,10,13,8,6,9,12,7,7,9,14,10
SUNSHINE COASTLINE,FAL,4,6,13,9,5,9,13,9,7,9,13,10,7,8,14,11
TO MAKE THE END OF BATTLE,FAL,4,10,14,10,5,9,14,11,4,7,12,10,5,8,14,9
To the Future.,FAL,1,3,6,6,4,7,10,1,2,6,10,5,5,7,11,7
Black MInD,GC,5,9,14,13,6,12,14,14,6,12,14,13,6,12,14,11
"Good Night, Bad Luck.",GC,5,0,13,11,6,10,14,12,8,11,14,13,7,12,14,12
Got more raves?,GC,4,7,12,10,6,9,13,10,5,10,12,10,6,10,13,12
Groove Prayer,GC,3,5,8,10,5,7,11,9,5,0,11,13,4,9,11,4
HB-axeleration,GC,2,6,12,9,4,8,12,10,4,11,0,9,6,9,12,10
"Marry me, Nightmare",GC,6,11,13,13,7,0,14,11,7,11,13,12,8,11,14,13
ouroboros -twin stroke of the end-,GC,7,12,15,14,7,13,15,14,8,13,15,13,8,12,15,14
OVER THE NIGHT,GC,5,9,0,8,6,9,0,9,5,0,11,11,7,12,0,9
Satisfiction,GC,5,8,0,8,6,9,11,7,7,11,14,10,5,9,13,11
Warrior,GC,7,11,14,11,5,11,15,11,6,11,14,11,6,11,14,10
Barbarous Funera,GF,4,8,11,8,6,9,12,9,6,9,12,10,7,0,13,10
Frontline,GF,4,8,12,8,6,10,0,7,6,10,0,10,6,9,13,9
What am I fighting for?,GF,4,7,0,7,5,10,0,9,4,0,12,10,6,11,0,10
Break a Spell,GG,5,9,14,10,6,10,0,9,7,9,14,10,7,9,14,11
Holy Orders (Be Just Or Be Dead),GG,4,8,11,6,6,8,11,6,6,9,12,8,6,9,11,8
Marionette,GG,5,9,13,9,7,12,0,9,6,10,13,10,8,0,13,12
Ariant ~ned Remix~,MAP,7,9,12,10,7,11,15,13,8,12,14,14,7,11,14,14
Catch Your Dreams!,MAP,4,7,10,7,5,8,12,8,5,8,11,7,5,8,12,8
Dynamic Universe,MAP,2,6,8,4,4,7,9,5,3,7,9,5,3,6,11,5
Fairytale ~Pan Remix~,MAP,5,8,13,9,4,8,13,11,4,7,13,10,4,7,14,11
Frozen Link,MAP,2,6,9,4,2,5,8,5,2,6,9,6,2,6,10,4
Leafre (EDM ver.),MAP,3,7,9,3,4,8,9,5,3,7,8,5,2,6,9,3
Missing You ~SOPHI Remix~,MAP,1,5,12,9,3,8,14,14,3,7,11,10,3,6,12,10
Moonlight Shadow ~Paul Bazooka Remix~,MAP,7,11,13,11,5,8,13,9,7,10,13,11,5,7,12,10
Smile,MAP,5,7,11,7,5,8,11,6,4,6,11,8,3,7,10,8
Star Bubble,MAP,4,7,10,5,5,9,13,7,4,6,11,7,5,8,12,7
Story of Maple,MAP,6,8,12,12,6,9,14,8,6,9,12,11,6,9,14,11
Temple of Time (EDM ver.),MAP,5,8,10,4,4,7,9,5,3,5,10,4,5,8,10,5
The Lake of Oblivion ~jam-jam Remix~,MAP,5,8,11,8,5,8,13,10,4,9,12,11,5,8,14,11
The Tune of the Azure Light ~Parang Remix~,MAP,4,7,11,12,8,12,15,14,7,10,14,12,5,10,14,13
Where Stars Rest,MAP,2,4,7,1,2,5,8,1,2,5,8,1,3,5,8,1
Bang!!,MD,3,0,11,5,4,7,11,0,3,8,0,7,5,10,12,4
can you feel it,MD,4,8,12,5,5,11,0,7,2,5,9,7,6,11,0,9
Comet Coaster,MD,5,10,13,11,6,10,13,11,4,8,12,11,7,12,14,10
Cthugha,MD,6,12,15,13,8,12,15,13,6,10,15,13,9,12,15,12
DataErr0r,MD,6,11,13,9,7,0,14,11,5,8,13,12,7,12,15,0
Dysthymia,MD,5,11,14,11,6,10,15,0,6,11,14,11,6,12,15,11
ENERGY SYNERGY MATRIX,MD,6,11,14,11,7,10,14,11,5,10,14,0,6,11,14,10
Koi no Moonlight,MD,3,8,12,3,5,8,11,6,2,6,11,4,5,10,0,2
Lights of Muse,MD,7,12,14,13,7,11,14,11,5,10,13,13,8,12,15,11
MUSEDASH!!!!,MD,5,0,12,6,5,7,0,5,4,6,10,7,6,10,12,9
Pancake is Love,MD,5,8,10,0,6,10,0,2,4,7,0,2,5,10,12,0
PUPA,MD,7,12,15,15,7,12,15,15,7,12,15,15,10,13,15,13
tape/stop/night,MD,3,10,0,0,5,11,0,5,2,7,0,4,5,7,11,3
The 90's Decision,MD,5,11,13,5,6,11,13,8,5,9,12,0,6,11,13,7
XING,MD,5,9,12,10,6,10,14,0,6,10,0,9,6,10,13,8
Alliance x Empire,NXN,4,9,0,0,4,8,12,9,6,11,0,0,7,13,0,0
An old story from Grandma,NXN,2,8,0,1,6,10,0,1,4,9,0,4,5,9,0,1
Apparition,NXN,2,4,9,7,6,11,0,0,6,12,0,9,7,10,12,8
Buyeo Fortress ~Blosso Remix~,NXN,7,10,12,9,5,10,13,9,7,10,12,10,8,13,0,7
Constant Moderato,NXN,5,9,0,7,3,7,10,4,6,10,0,4,4,0,12,4
Cromm Cruaich,NXN,6,0,11,10,6,11,15,10,5,11,0,12,8,12,15,12
It's my war now,NXN,8,0,11,8,7,11,13,9,7,0,14,9,7,12,14,8
Kartrider Mashup ~Cosmograph Remix~,NXN,6,10,0,10,8,11,14,14,7,10,12,0,8,11,15,11
Kartrider Mashup ~Pure 100% Remix~,NXN,6,0,13,12,6,10,13,11,7,9,13,8,7,0,14,10
"Kartrider, Crazyarcade, Bubblefighter Main theme ~CHUCK Remix~",NXN,4,9,0,12,7,11,14,13,7,0,13,12,8,0,13,12
"Lacheln, The City of Dreams",NXN,5,7,0,6,6,11,0,6,6,0,11,8,4,10,0,2
Lugh Lamhfada,NXN,6,10,0,9,6,9,13,9,5,11,0,12,6,10,14,9
Reminiscence,NXN,3,4,10,3,4,9,12,5,5,11,0,5,4,9,12,5
Start The Adventure ~SOPHI Remix~,NXN,3,8,0,8,5,0,12,9,6,0,12,10,4,11,0,11
Tayberrs - Collapsed Paradise,NXN,3,7,12,6,6,0,11,6,6,0,12,6,7,12,0,7
The Final Dance,NXN,6,11,0,0,6,10,13,8,5,9,13,7,6,10,14,8
The Little Adventurer,NXN,4,7,0,1,7,9,0,1,6,10,0,0,3,10,0,0
The Raindrop Flower ~jam-jam Remix~,NXN,6,9,0,8,6,11,13,8,6,0,13,8,6,11,13,9
"The Siege warfare ~Pierre Blanche, Yonce Remix~",NXN,7,11,14,10,7,12,14,11,7,11,14,10,7,13,0,8
Where Legend Begin ~VoidRover Remix~,NXN,8,0,15,11,7,13,15,13,7,13,15,13,8,0,14,11
Young Adventurer ~SiNA Remix~,NXN,4,8,12,8,6,9,13,9,7,9,12,10,7,12,0,9
DO IT!,P-TR1,1,5,8,5,3,6,11,6,3,6,10,6,3,7,10,5
Eternal Damnation,P-TR1,7,13,15,14,7,11,15,13,7,12,15,14,7,11,14,14
HALO,P-TR1,2,7,11,8,5,8,11,6,4,8,10,6,4,8,12,8
Hyperboloid,P-TR1,6,9,12,10,6,9,13,10,6,9,13,10,5,9,12,10
JELLYFISH,P-TR1,2,6,9,8,4,7,11,7,3,7,11,6,4,7,11,8
Let's Burn,P-TR1,7,9,12,10,8,11,14,9,6,9,14,9,6,9,14,11
Nature Fortress,P-TR1,1,4,9,8,2,7,14,8,2,4,10,8,3,7,12,6
Saturday,P-TR1,4,6,8,6,3,7,10,7,4,8,11,7,4,8,12,7
SINister Evolution,P-TR1,4,7,13,12,5,9,0,6,6,8,0,11,7,9,0,11
Sold on Your Love,P-TR1,1,5,8,3,4,6,10,4,3,4,9,3,3,7,10,4
A.I,P1,4,9,0,5,9,12,0,6,7,11,13,7,8,10,0,7
Ask to Wind,P1,1,7,0,1,4,7,0,2,3,7,9,3,4,6,0,3
Ask to Wind ~Live Mix~,P1,5,0,12,8,6,10,0,0,7,11,0,0,7,0,13,6
Astro Fight,P1,8,12,0,0,8,12,0,11,7,13,14,0,8,12,0,10
BlythE,P1,6,10,14,11,6,11,0,10,8,11,14,10,7,0,14,8
Bright Dream,P1,2,4,0,0,5,8,0,0,4,7,10,0,6,9,0,0
Can We Talk,P1,1,7,0,5,6,9,13,8,5,8,11,8,8,9,13,9
Catch Me,P1,3,6,0,0,6,0,0,4,6,8,0,0,8,12,0,5
Chrono Breakers,P1,5,7,11,4,7,10,0,0,7,12,0,4,8,12,0,0
CnP,P1,3,8,12,0,4,9,12,5,4,9,12,0,5,10,12,6
Dreadnought,P1,6,9,12,9,8,11,0,0,8,0,13,8,8,13,0,0
Elastic STAR,P1,4,7,0,0,5,7,0,0,4,8,0,0,4,7,0,0
End of the Moonlight,P1,4,7,10,10,7,9,0,6,5,9,12,6,7,11,0,9
Enemy Storm,P1,2,5,13,7,5,8,0,11,6,9,11,10,5,10,14,6
Eternal Memory,P1,3,6,0,0,3,9,0,0,2,7,0,0,5,7,0,0
Every Morning,P1,4,8,0,8,8,9,0,7,7,9,0,6,8,11,0,9
Extreme Z4,P1,4,7,0,11,4,7,0,9,7,9,0,0,8,12,0,0
FEAR,P1,4,9,0,0,5,9,12,0,6,12,0,8,6,10,12,0
Fever GJ,P1,3,7,0,0,3,6,0,0,3,7,9,0,7,0,0,0
FTR,P1,6,10,0,7,5,10,0,7,8,11,0,7,7,11,0,5
Funky Chups,P1,4,8,0,5,5,10,0,6,4,6,0,5,7,0,0,6
Futurism,P1,4,7,0,0,6,9,0,7,6,8,11,0,7,10,0,7
HAMSIN,P1,9,0,15,14,6,9,13,11,9,12,14,10,6,9,14,9
JBG,P1,7,11,0,0,7,11,0,9,7,10,12,8,12,0,0,0
Jupiter Driving,P1,5,8,0,5,5,11,0,0,5,9,0,6,7,12,0,0
KUDA,P1,8,11,0,7,5,9,0,0,8,12,0,9,10,0,0,0
Lemonade,P1,8,0,0,7,6,13,0,0,7,10,0,8,8,13,0,0
Let's Go Baby,P1,2,5,0,0,6,8,0,0,3,7,10,0,9,0,0,0
Light House,P1,4,9,0,9,4,11,0,0,6,9,12,0,7,12,0,11
Long Vacation,P1,4,8,0,0,3,6,0,2,5,9,0,0,7,0,0,3
Luv Flow,P1,1,5,0,0,3,6,0,0,1,5,0,0,6,8,0,0
MASAI,P1,4,7,11,0,5,9,12,9,7,10,12,0,10,0,0,9
Memory of Beach,P1,5,11,0,0,7,12,0,2,6,9,12,0,8,0,13,2
Minimal Life,P1,6,7,0,10,8,10,0,10,8,12,0,0,8,10,14,0
NB RANGER,P1,8,12,0,0,7,12,0,9,7,10,13,10,8,13,0,0
Never Say,P1,3,6,0,0,6,7,0,7,3,7,12,0,8,0,0,7
OBLIVION,P1,3,6,11,7,7,0,11,10,3,8,11,0,6,12,0,8
OBLIVION (Rockin' Night Style),P1,4,8,12,0,4,10,13,10,7,9,13,0,6,10,14,9
ON,P1,3,4,0,6,2,6,0,6,6,10,0,7,7,0,0,5
One the Love,P1,3,6,0,3,6,8,0,0,3,7,11,6,7,8,0,0
Out Law,P1,5,12,0,0,7,12,0,8,7,11,13,8,8,12,0,0
Para-Q,P1,3,9,0,0,6,8,0,0,7,10,0,10,10,0,0,11
Piano Concerto No.1,P1,5,10,0,10,7,11,0,11,7,11,0,11,7,11,0,10
Ray of Illuminati,P1,4,7,13,0,6,8,13,7,7,10,13,0,8,11,0,6
RED,P1,4,6,0,6,5,13,0,7,6,9,12,6,8,13,0,7
REVENGE,P1,6,0,11,0,4,7,0,9,8,12,0,0,10,0,0,9
Road Of Death,P1,6,9,0,10,8,13,0,13,8,11,15,0,9,14,0,14
Rock Or Die,P1,6,0,0,9,6,9,0,0,6,10,12,0,6,9,0,9
Save My Dream,P1,1,4,0,0,2,4,0,0,2,5,9,0,5,8,0,0
SIN,P1,3,6,11,10,7,10,0,11,7,10,14,0,9,12,15,0
SIN ~The Last Scene~,P1,7,12,14,9,7,12,0,0,8,12,14,9,8,14,0,0
Sunny Side,P1,4,8,0,5,5,9,0,5,4,8,11,7,9,0,0,5
Sunny Side (deepn'soul Mix),P1,7,10,0,4,7,11,0,0,7,0,10,3,8,10,0,0
Temptation,P1,4,10,0,9,4,10,0,7,6,0,12,7,9,0,0,8
Triple Zoe,P1,4,12,0,0,6,12,0,6,8,12,0,6,10,13,0,0
Ya! Party!,P1,4,8,0,0,5,10,0,0,5,8,12,0,9,0,0,0
A Lie,P2,2,5,0,0,5,9,0,0,4,7,12,0,7,9,0,0
Another DAY,P2,3,7,11,6,6,9,0,7,5,8,10,6,7,10,0,7
Brain Storm,P2,7,11,0,11,7,13,15,11,10,14,0,10,8,13,15,9
Brand NEW Days,P2,3,8,0,5,6,8,0,7,7,10,11,5,7,10,0,7
Brave it Out,P2,6,8,0,0,5,9,11,5,6,10,13,0,7,10,12,0
Bye Bye Love,P2,2,6,0,0,6,7,0,0,6,9,11,0,6,8,0,0
Chain of Gravity,P2,5,12,0,9,5,10,0,0,7,10,12,8,6,12,0,0
Cherokee,P2,5,8,0,0,7,9,0,5,6,9,13,6,7,10,0,0
DIVINE SERVICE,P2,4,7,0,6,4,9,0,5,5,8,12,6,7,10,0,8
Dream of You,P2,4,7,11,0,6,10,0,9,5,9,11,8,8,12,0,0
Fallen Angel,P2,4,9,0,0,4,9,0,0,4,7,10,8,8,11,0,0
Fentanest,P2,4,9,0,6,6,9,0,0,7,11,0,7,6,9,0,0
For Seasons,P2,1,6,0,0,6,9,0,0,4,7,11,0,6,10,0,0
For the IKARUS,P2,4,8,0,0,6,11,0,0,8,0,12,10,7,12,0,0
Get on Top,P2,3,7,0,0,6,9,0,0,5,8,12,6,7,10,0,7
GET OUT,P2,5,8,0,0,4,9,0,0,4,8,13,0,7,10,0,0
Good Bye,P2,5,8,0,6,4,10,0,0,7,0,12,6,7,10,0,0
Heart Beat,P2,3,5,0,2,4,8,0,0,4,7,9,4,6,9,0,0
Hello Pinky,P2,6,8,0,0,5,10,0,4,7,11,0,0,6,11,0,1
Higher,P2,4,8,0,9,6,11,0,0,7,9,0,9,5,8,13,13
Ladymade Star,P2,2,6,10,6,3,8,0,6,5,8,10,6,5,8,0,5
Lost n' found,P2,3,7,0,0,6,8,0,0,5,9,0,0,7,9,0,0
Memoirs,P2,4,7,0,4,7,10,0,3,6,9,11,0,7,10,0,0
Mess it Up,P2,5,9,0,0,4,9,0,8,8,12,0,9,6,10,0,0
Midnight Blood,P2,7,13,0,0,6,13,0,7,7,10,13,10,6,9,13,7
Miles,P2,4,8,0,5,5,10,13,0,4,9,13,6,4,11,13,0
Minus 3,P2,8,11,0,7,7,12,0,0,10,0,13,0,7,12,0,8
My Alias,P2,6,9,0,0,6,9,12,0,7,9,14,0,6,10,0,0
NANO RISK,P2,7,0,0,6,7,11,0,0,6,9,12,8,7,11,0,0
NB POWER,P2,5,8,0,9,7,9,13,0,7,11,13,0,7,10,0,8
NB RANGERS : Returns,P2,6,9,0,9,7,11,0,0,9,11,13,0,7,13,0,9
Negative Nature,P2,4,8,0,0,4,7,0,5,7,12,0,7,4,8,0,0
Nightmare,P2,9,12,0,15,8,13,15,14,8,13,15,15,8,12,15,14
Phantom Of Sky,P2,3,7,10,0,4,7,0,1,5,10,0,1,4,8,0,0
plastic method,P2,5,8,0,5,8,12,0,0,8,12,0,7,8,12,0,0
Right Now,P2,1,5,0,4,5,9,0,5,4,8,11,7,6,9,0,5
Rocka-a-doodle-doo,P2,4,9,0,0,4,8,0,8,7,11,0,7,6,9,12,0
Rolling On the Duck,P2,7,13,0,0,7,10,14,9,8,11,14,0,7,10,14,9
Seeker,P2,5,9,0,9,8,0,14,8,5,10,13,9,7,13,0,10
Showtime,P2,8,10,0,4,7,10,0,0,8,12,0,0,7,10,0,3
Smoky Quartz,P2,3,6,0,7,7,10,0,0,6,0,11,8,7,14,0,0
sO mUCH iN LUV,P2,1,6,0,4,4,6,0,1,6,8,11,3,7,0,0,6
SQUEEZE,P2,4,9,0,10,7,11,0,9,8,10,12,8,7,12,0,5
STALKER,P2,5,9,0,7,7,10,0,9,6,10,12,9,8,0,15,12
StarFish,P2,6,9,0,7,9,11,0,8,7,10,0,6,6,9,0,8
Stay with me,P2,3,4,0,6,5,8,0,0,4,7,0,0,7,9,0,6
Sunset Rider,P2,5,9,0,5,6,10,0,7,5,7,11,6,6,9,0,8
Syriana,P2,6,10,0,0,6,9,0,5,7,9,13,0,7,9,0,3
Taekwonburi,P2,5,7,0,7,6,0,13,0,7,10,14,0,7,0,13,8
WhiteBlue,P2,7,9,13,0,6,10,13,8,8,11,13,9,8,11,13,0
Yellowberry (AJ Mix),P2,4,7,0,0,3,6,0,0,5,9,0,0,4,11,0,0
Yo Creo Que Si,P2,6,9,0,0,6,9,0,8,8,0,12,0,7,9,0,7
Your Own Miracle,P2,4,9,0,6,3,6,11,10,7,10,12,9,7,10,13,7
Become Myself,P3,3,6,0,2,3,7,0,5,4,8,0,5,5,10,0,5
Break!,P3,4,6,11,5,4,0,12,7,5,0,11,8,6,10,11,7
Desperado ~Nu Skool Mix~,P3,5,11,0,8,5,10,13,6,6,12,0,8,6,12,0,6
Enemy Storm ~Dark Jungle Mix~,P3,8,0,14,10,5,12,15,13,8,0,14,12,7,13,15,13
Everything,P3,3,9,0,4,5,9,0,6,4,9,12,5,6,11,0,7
glory day -JHS Remix-,P3,5,9,12,8,6,11,13,8,6,10,12,7,6,11,13,10
glory day (Mintorment Remix),P3,7,0,14,9,6,12,13,8,8,0,13,9,7,14,0,10
Gone Astray,P3,8,0,14,13,6,11,14,13,8,12,14,11,6,12,14,12
Hanz up!,P3,6,0,13,7,5,0,13,9,4,12,0,10,6,12,0,8
IF,P3,3,6,10,5,5,12,0,6,3,8,11,4,6,10,12,7
Leave me alone,P3,7,10,13,10,7,11,13,10,8,12,14,9,7,12,14,9
Luv Flow ~Funky House Mix~,P3,3,0,11,6,4,9,0,6,4,8,11,6,5,12,0,7
Luv is True,P3,4,8,0,3,3,8,10,2,4,11,0,4,5,9,11,4
MASAI ~Electro House Mix~,P3,5,11,0,7,5,11,0,8,7,12,0,8,6,12,0,7
Mellow D Fantasy,P3,2,0,11,3,3,0,9,3,4,11,0,5,5,11,0,5
NB Ranger : Nonstop Remix,P3,6,0,13,10,7,0,14,9,6,0,13,9,5,11,14,10
Out Law : Reborn,P3,7,10,13,8,5,10,13,10,7,10,14,10,6,11,14,10
Raise me up,P3,4,11,0,3,4,0,11,5,5,11,0,4,5,10,12,5
Season (Warm Mix),P3,2,6,0,1,3,6,0,2,3,6,0,6,5,0,9,9
SuperSonic ~Mr.Funky Dirty Planet Remix~,P3,6,9,13,10,6,10,13,8,5,10,12,8,5,10,13,8
The Rain Maker,P3,7,0,13,11,6,11,13,10,5,0,13,9,5,13,0,11
Waiting for the Sun,P3,4,0,10,4,5,11,0,7,6,10,0,6,5,11,0,5
Your Smile,P3,4,9,0,6,4,8,0,4,4,10,0,4,6,11,0,5
ZET ~Mr.Funky Remix~,P3,5,12,0,7,6,0,12,9,5,11,0,7,5,0,13,8
2Nite,RP,3,6,0,1,4,9,0,4,3,8,0,4,4,8,0,6
Airlock,RP,5,9,13,12,5,9,14,11,4,7,13,11,5,10,14,12
Alone (Marshmello),RP,6,9,0,5,4,8,0,5,5,8,12,6,5,8,12,7
Alone (Nauts),RP,6,9,0,4,5,8,12,0,5,8,12,0,5,8,12,4
Always,RP,4,7,0,0,6,9,0,6,5,10,0,0,6,10,0,7
Angelic Tears,RP,5,9,12,7,5,9,12,7,4,8,12,9,5,8,13,10
Armored Phantom,RP,4,7,0,0,6,11,0,0,7,9,12,0,6,11,0,0
Aurora Borealis,RP,5,9,13,0,5,9,13,0,7,11,0,11,6,0,13,9
Beautiful Day,RP,3,6,8,0,4,8,0,0,2,8,0,0,4,8,0,0
Beyond Yourself,RP,6,9,0,0,7,10,0,12,7,9,12,12,7,11,0,0
Binary World,RP,5,8,13,10,5,7,13,9,8,10,13,10,5,7,13,7
BlackCat,RP,7,10,0,7,6,11,0,4,5,8,12,5,7,12,0,7
Bleed,RP,3,5,0,6,5,9,0,6,5,9,0,7,5,9,0,4
BlueWhite,RP,4,9,15,13,6,9,15,14,7,10,15,14,6,8,15,14
Boom!,RP,4,8,12,8,6,8,12,6,5,9,13,11,6,10,13,7
"Bullet, Wanted!",RP,4,8,0,4,7,10,0,0,6,9,11,7,7,11,0,14
Can We Talk (Broken Dog Leg Mix),RP,5,8,11,8,5,8,12,8,5,7,11,8,2,6,13,9
Celestial Tears,RP,5,7,10,8,6,9,12,9,4,8,12,10,5,8,12,9
Chemical Slave,RP,5,11,0,10,6,0,11,0,6,12,0,9,3,8,14,0
Child of Night,RP,6,8,0,8,7,9,12,0,7,10,12,8,7,9,12,0
comet,RP,3,8,0,2,5,9,0,4,6,10,0,4,5,11,0,3
Dance of the Dead,RP,6,10,0,10,7,12,14,9,6,11,14,9,7,12,14,10
Dancin' Planet,RP,3,7,9,5,3,7,11,9,4,7,10,8,6,9,12,8
Dark Lightning,RP,3,6,11,9,5,9,12,8,4,7,11,10,6,9,13,9
Daylight,RP,6,10,14,14,6,10,14,11,6,11,14,11,6,11,14,11
Don't Die,RP,5,10,13,9,7,10,14,0,8,11,14,10,7,10,14,0
Enter The Universe,RP,7,9,12,12,7,10,15,11,9,12,14,11,7,10,14,13
Far East Princess,RP,5,7,10,2,5,10,0,7,5,9,10,0,5,10,0,0
Flowering,RP,6,9,13,0,7,12,0,9,7,10,13,9,7,11,13,8
Fly Away,RP,3,10,0,7,6,10,0,7,4,0,11,7,6,10,0,7
From Hell to Breakfast,RP,4,7,10,8,7,10,14,11,7,9,13,11,6,9,14,11
Get Jinxed,RP,5,8,13,3,5,8,12,5,5,9,11,5,5,8,12,3
Ghost Voices,RP,4,9,0,4,5,11,0,4,6,10,0,4,6,11,0,5
glory day,RP,8,10,0,3,7,10,0,4,6,11,0,5,7,10,0,2
Grid System,RP,5,9,14,0,4,9,13,9,6,0,13,10,5,9,13,0
Groovin Up,RP,3,6,0,3,5,9,0,4,5,8,11,5,5,9,0,5
Heavenly,RP,5,7,0,0,4,8,0,6,5,9,12,7,4,9,0,5
I want You ~Twinkle Twinkle Sunshine~,RP,3,7,12,0,6,9,12,0,5,10,12,8,6,10,12,4
I'M ALIVE,RP,6,9,11,11,5,8,13,10,5,8,13,12,5,10,13,11
Kamui,RP,7,10,15,14,7,11,15,14,6,10,15,13,6,11,15,14
Karma,RP,5,0,12,5,6,10,0,8,7,9,13,7,6,9,12,8
KILLER BEE,RP,5,8,11,12,7,12,0,0,8,9,13,0,7,13,0,8
Kingdom,RP,5,0,11,6,5,7,0,6,5,0,8,7,6,11,0,5
Kung Brother,RP,6,9,0,7,6,11,0,7,8,10,13,10,6,11,0,10
Liar,RP,6,9,0,9,8,12,0,9,8,10,13,9,8,13,0,8
Lift You Up,RP,2,5,0,1,4,7,0,1,3,7,0,2,4,7,0,3
Mozart Symphony No.40 1st Mvt.,RP,5,9,12,7,4,7,10,9,5,9,11,9,5,8,12,11
Mr.Lonely,RP,6,8,12,11,5,8,13,8,5,8,12,10,6,8,13,9
Mulch,RP,7,12,0,0,7,0,14,12,8,12,14,11,8,0,15,0
NB RANGER - Virgin Force,RP,5,10,0,10,7,12,15,12,7,12,14,10,7,11,15,12
NEON 1989 (ESTi Remix),RP,4,7,0,3,3,7,0,3,4,7,0,4,5,9,0,4
Only for you,RP,1,4,9,1,5,7,10,5,4,7,11,1,5,7,11,1
OPEN FIRE,RP,5,7,0,0,5,9,0,0,5,7,0,0,5,9,0,0
OrBiTal,RP,4,7,13,10,5,10,14,9,5,10,13,9,7,10,14,10
Over Your Dream,RP,5,11,0,6,5,11,0,8,5,10,11,7,7,12,0,7
Phoenix Virus,RP,4,7,12,8,5,8,11,7,4,8,11,7,5,8,11,8
POP/STARS,RP,5,9,12,5,5,8,12,8,5,8,11,4,5,9,13,7
quixotic,RP,7,12,0,9,7,11,0,9,6,0,12,9,7,11,13,10
Re:BIRTH,RP,6,10,13,10,6,9,13,10,6,11,13,11,6,10,13,10
Relation Again (ESTi's Remix),RP,4,8,0,5,5,9,13,0,5,11,0,6,6,0,12,0
Remains Of Doom,RP,8,13,0,9,6,9,14,12,9,12,15,11,6,10,13,10
RockSTAR,RP,5,9,0,5,4,11,0,6,4,11,0,6,3,7,13,7
Royal Clown,RP,6,8,14,0,7,11,0,7,7,10,13,9,7,10,14,0
Runaway,RP,6,10,0,0,8,11,0,9,8,11,12,9,8,13,0,0
Running girl,RP,5,7,0,3,7,9,0,0,5,10,12,5,7,10,0,0
Ruti'n (GOTH Wild Electro Remix),RP,7,10,0,10,4,10,0,11,7,10,13,10,7,12,0,10
Sad Machine,RP,3,5,8,3,5,7,10,1,4,7,10,1,5,7,10,5
Secret Dejavu,RP,4,6,10,8,6,10,0,7,6,8,11,9,6,10,0,9
Shadow Flower,RP,3,6,0,0,6,9,0,0,5,11,0,4,6,9,0,0
So Happy,RP,5,0,10,4,5,9,0,5,4,7,11,4,5,10,12,7
Soar ~Stay With Me~,RP,4,8,0,5,7,10,0,7,6,10,11,8,7,11,0,8
SOUL LADY,RP,5,8,12,0,6,0,12,4,5,8,12,4,5,11,13,7
SURVIVOR,RP,4,7,11,7,5,8,12,7,3,7,11,8,3,6,12,9
The Feelings,RP,4,7,0,1,6,10,0,6,6,10,0,8,6,11,0,4
The Lost Story,RP,1,4,0,0,4,8,0,0,2,7,0,0,4,7,0,0
The Obliterator,RP,5,8,0,7,7,11,0,0,8,0,13,0,7,11,0,9
To Be With You,RP,4,7,10,2,6,8,11,4,5,8,0,4,4,10,0,5
Tok! Tok! Tok!,RP,4,7,0,4,4,7,0,3,4,7,10,2,5,8,11,6
U.A.D,RP,3,6,0,9,5,10,0,9,6,8,11,0,8,0,12,6
v o l d e n u i t,RP,5,9,12,13,4,9,12,14,5,9,12,12,6,9,13,14
Void,RP,3,7,11,4,5,11,0,0,5,10,0,6,5,11,0,0
waiting for me,RP,3,8,0,0,4,8,0,0,4,9,0,0,5,9,0,0
Waiting for you,RP,4,8,0,5,7,11,0,9,7,12,0,6,7,11,0,5
Watch Your Step,RP,4,0,12,9,5,8,0,8,3,0,10,7,3,6,13,8
We're All Gonna Die,RP,8,12,14,14,8,13,0,14,11,13,15,13,8,13,15,15
WHY,RP,3,7,0,1,5,8,0,0,3,6,10,0,4,7,0,1
Access,T1,2,3,7,3,3,6,0,4,3,0,11,0,4,7,11,0
Area 7,T1,4,0,10,0,4,7,10,0,5,8,11,0,4,7,12,0
Beyond the Future,T1,4,8,11,10,4,8,11,7,4,9,12,8,5,9,12,9
Dear my Lady,T1,5,9,0,6,4,7,10,0,5,7,11,4,4,7,10,0
DJMAX,T1,2,7,0,0,3,0,8,0,4,8,0,0,4,8,0,0
Do you want it,T1,5,8,0,3,7,9,0,3,6,10,0,6,5,11,0,7
Fury,T1,4,9,11,0,5,9,12,0,5,9,12,9,5,10,12,10
HEXAD,T1,5,10,12,9,5,9,12,9,5,9,12,11,6,10,13,12
Honeymoon,T1,3,5,8,0,4,0,8,0,4,8,0,0,3,9,0,0
I want You,T1,3,6,8,6,3,7,10,5,5,8,11,4,4,9,11,7
Landscape,T1,6,9,0,0,6,8,11,9,6,9,12,10,7,9,13,10
Melody,T1,5,8,10,9,5,8,11,9,4,8,12,8,5,10,12,7
Play the Future,T1,4,9,0,6,4,7,10,0,6,10,0,0,5,0,10,0
Remember,T1,3,6,9,0,4,7,10,3,4,7,11,0,5,0,11,5
Shoreline,T1,4,8,10,0,6,11,0,0,6,11,0,6,5,8,12,6
SON OF SUN,T1,7,10,14,11,7,10,14,11,7,11,14,12,7,10,15,13
SON OF SUN ~Extended Mix~,T1,7,10,14,0,7,10,15,0,7,11,14,0,8,11,15,0
SuperSonic,T1,5,7,11,8,5,8,12,9,6,9,12,7,6,10,13,8
Sweet Shining Shooting Star,T1,3,7,10,3,3,6,10,0,5,0,10,5,6,0,11,0
The Last Dance,T1,4,0,8,1,5,9,0,0,5,9,0,0,4,0,12,0
Thor,T1,7,11,14,0,6,10,14,0,6,11,14,10,7,11,14,11
Voyage (makou),T1,5,9,0,0,5,9,0,0,3,7,11,0,5,11,0,0
Airwave,T2,5,9,12,11,6,10,13,0,7,0,14,11,7,11,13,0
BEE-U-TIFUL,T2,6,0,11,7,6,9,12,8,6,10,13,9,6,10,13,10
Burn it Down,T2,4,7,9,6,4,8,0,8,4,6,11,7,5,7,12,8
Cosmic Fantastic Lovesong,T2,2,5,9,2,3,8,9,0,3,7,11,0,4,7,11,0
Cozy Quilt,T2,3,9,0,0,2,7,0,2,3,7,0,4,3,7,12,0
D2,T2,8,0,14,12,6,9,13,13,7,12,15,0,7,11,15,13
Dream of Winds,T2,5,8,12,11,6,9,12,10,4,8,12,10,5,9,12,11
Dual Strikers,T2,6,9,0,10,6,8,12,9,6,10,13,9,7,10,13,7
End of Mythology,T2,3,8,11,4,4,0,12,3,5,8,11,4,4,7,12,6
Eternal Fantasy,T2,2,5,0,0,2,5,0,0,2,4,7,0,3,6,0,1
La Campanella : Nu Rave,T2,6,9,13,9,7,13,0,10,7,0,13,0,7,11,13,10
Love is Beautiful,T2,4,5,7,0,5,6,0,1,4,6,8,0,5,9,0,2
MonoXide,T2,5,9,12,0,6,12,0,0,6,9,12,7,5,12,0,7
Nova ~Mr.Funky Remix~,T2,5,8,0,7,6,10,0,5,6,10,12,0,6,0,12,0
Put'Em Up,T2,2,4,8,2,5,9,0,3,3,6,9,3,5,10,0,3
Puzzler,T2,5,0,10,5,4,10,0,3,4,11,0,6,5,9,12,9
Rage Of Demon,T2,7,11,15,12,8,11,15,13,8,12,15,14,8,13,15,12
Say it from your heart,T2,3,5,8,0,4,6,9,0,3,8,0,4,4,9,0,0
Sweet Dream,T2,4,6,9,0,3,5,8,5,4,6,11,5,5,11,0,0
The Guilty,T2,5,7,12,0,6,10,13,8,7,12,0,0,7,0,13,9
Thor (Extended Mix),T2,6,11,14,0,6,11,15,0,6,11,14,0,8,0,14,11
Trip,T2,1,4,6,1,2,4,7,1,2,4,7,4,3,5,8,2
XLASHER,T2,4,8,11,10,5,8,12,13,4,8,13,9,6,10,13,11
Y ~Extended Mix~,T2,6,0,12,7,6,10,12,0,6,9,12,0,6,10,13,0
A Life With You,T3,4,0,9,5,4,6,10,7,6,10,12,7,6,12,0,7
AD2222,T3,5,8,11,11,6,9,13,10,6,10,13,11,6,10,12,11
AD2222 ~Extended Mix~,T3,6,10,12,0,6,10,13,0,7,0,13,0,7,10,13,0
ALiCE,T3,4,8,12,8,5,9,11,7,5,9,11,9,5,10,12,9
Angel,T3,4,9,12,7,6,10,12,9,6,9,13,6,6,10,12,8
Bamboo on Bamboo,T3,8,12,15,12,6,12,15,13,7,12,15,12,8,12,15,15
Black Swan,T3,5,8,12,0,5,11,13,0,5,10,12,11,6,10,14,11
Dark Prism,T3,7,13,0,9,5,12,13,9,6,11,14,11,6,0,13,10
Dream Again,T3,2,5,9,2,3,7,0,2,4,8,0,4,3,7,10,3
EGG,T3,4,7,10,0,5,10,13,7,5,10,12,0,6,9,13,8
EGG ~Extended Mix~,T3,4,7,11,0,6,10,0,0,5,11,13,0,7,13,0,0
Emblem,T3,8,12,14,0,6,10,13,12,8,13,0,10,6,9,14,0
Fallin' in LUV,T3,3,8,0,3,3,8,10,0,3,6,10,0,5,0,10,3
Feel Ma Beat,T3,7,11,14,0,9,11,14,0,8,11,14,7,8,11,14,10
Ghost,T3,3,5,9,5,4,0,8,4,4,9,0,0,5,9,12,0
Give Me 5,T3,5,0,10,4,5,10,11,6,5,10,0,3,5,9,11,5
Heart Beat Part.2,T3,2,3,8,3,5,8,0,4,4,0,10,6,6,0,11,5
Kung-Fu Rider,T3,6,9,0,4,6,10,0,8,6,10,0,7,6,10,12,0
"My Heart, My Soul",T3,3,6,0,0,5,7,0,0,4,7,10,0,4,10,0,0
Now a NEW Day,T3,3,7,10,6,5,8,11,0,5,8,11,5,5,8,11,0
Out of CTRL,T3,7,10,13,10,8,11,0,11,8,13,0,0,6,10,13,9
Over the Rainbow,T3,7,12,0,10,5,9,12,0,7,10,12,11,7,13,0,0
Right Back,T3,8,11,14,0,8,0,13,9,7,10,14,8,5,10,14,9
Showdown (LeeZu),T3,6,9,13,0,6,8,0,10,5,11,14,0,6,10,13,10
SigNalize,T3,6,8,10,8,7,9,0,9,6,0,12,8,6,10,14,8
Supernova,T3,5,0,11,0,6,0,12,11,5,9,13,0,6,0,14,11
Supersonic 2011,T3,6,11,0,10,7,11,0,10,7,12,0,0,5,10,14,0
Wanna Be Your Lover,T3,1,4,8,1,4,8,0,3,4,0,10,4,4,10,0,4
Xeus,T3,6,11,13,10,8,11,14,11,7,11,14,12,6,11,15,14
You & Me,T3,3,5,7,1,4,8,0,1,3,7,10,0,3,6,10,0
Empty Your Mind 1st,TEK,4,8,13,9,4,9,12,10,7,10,14,10,4,9,13,10
Equator Line 1st,TEK,4,8,12,9,5,9,11,9,5,9,13,9,6,9,12,9
Fiji -Paraiso Mix- (Eternal Paradise),TEK,5,7,10,8,5,8,11,7,5,8,11,7,5,7,10,6
Heat Haze Shadow,TEK,3,7,11,9,5,8,11,8,6,10,12,10,8,9,13,11
Kitsch,TEK,2,5,9,6,4,7,10,7,4,8,10,8,5,8,11,8
Moonlit Wilderness,TEK,2,7,11,9,4,7,12,9,3,8,12,8,3,7,11,6
Moonsiders 1st,TEK,4,8,12,9,4,7,11,8,5,8,12,10,4,8,12,8
My Last Stand,TEK,6,9,12,10,4,7,12,7,4,8,12,10,5,8,13,10
Poolside,TEK,3,9,12,9,5,8,12,9,4,7,12,10,6,9,11,8
Tekken Tag Tournament Piano Intro -Massive True Mix-,TEK,2,6,13,8,4,7,11,11,2,6,10,9,4,7,12,9
The Decisive Blow (Normal),TEK,4,10,13,10,5,9,13,10,4,8,14,11,3,7,14,11
Yodeling in meadow hill (Hidden Retreat),TEK,5,8,13,12,5,8,12,9,5,7,12,11,6,9,13,10
A Song of Sixpence,TQ,3,6,10,3,3,6,10,4,2,4,8,4,3,6,10,5
Back to Life,TQ,4,8,11,4,4,8,11,4,3,5,12,4,5,8,12,5
Deborah,TQ,5,8,13,8,5,10,13,9,4,7,11,8,5,9,12,8
Eternal Fantasy (Miya Vocal Mix),TQ,3,6,8,1,3,5,9,3,3,5,8,2,3,6,11,3
Festa Nova,TQ,6,10,12,8,5,8,12,9,7,9,12,11,6,10,14,11
Kal_wrnw,TQ,6,11,13,10,6,10,13,9,5,8,12,10,6,8,12,7
Love☆Panic,TQ,4,8,10,4,3,7,10,3,5,8,10,6,4,8,11,4
Luv Yourself,TQ,2,7,10,3,3,7,9,3,1,3,9,2,3,6,9,2
Mukilteo Beach,TQ,4,6,9,5,3,6,10,4,3,6,9,7,3,8,10,7
Never Ending TECHNIKA,TQ,3,7,10,4,2,5,8,2,3,6,9,7,5,8,11,3
Renovation,TQ,7,10,13,8,6,11,14,11,6,10,13,11,6,9,13,8
Retention,TQ,5,8,10,7,3,7,11,8,4,6,11,6,4,7,10,6
Shining My Boy,TQ,2,4,8,1,3,5,8,1,1,4,9,2,3,5,8,1
Silent Clarity,TQ,5,8,12,7,6,9,13,7,6,8,12,10,6,9,13,7
Starlight Garden,TQ,4,6,10,5,4,8,11,4,4,7,11,6,4,7,11,4
Take on Me,TQ,5,8,12,6,5,7,12,6,3,6,11,7,4,8,12,6
Techno Racer,TQ,6,10,12,9,5,8,11,9,5,8,12,9,6,11,13,9
The MAX,TQ,3,8,10,4,3,6,9,4,4,7,10,6,5,8,11,7
Thor (Deepin' Absonant Mix),TQ,5,9,13,9,4,10,14,10,5,8,12,9,5,11,14,11
VORTEX,TQ,4,11,13,9,5,11,13,10,6,10,12,10,4,10,13,10
A Lie ~Deep Inside Mix~,TR,4,8,0,6,6,0,11,4,4,11,0,5,6,10,0,8
Bye Bye Love ~Nu Jazz Mix~,TR,4,8,10,6,6,10,0,5,6,8,11,8,6,9,11,8
Catch You,TR,3,8,0,4,6,8,10,6,4,8,0,5,6,8,12,7
For Seasons ~Air Guitar Mix~,TR,3,9,0,6,5,7,10,6,5,0,10,9,5,10,0,7
GET OUT ~Hip Noodle Mix~,TR,6,10,0,7,5,9,12,7,6,9,0,6,5,9,12,7
Memory of Wind,TR,3,8,0,1,3,6,0,2,3,7,0,1,4,9,0,1
Mind Control,TR,8,11,13,12,9,11,0,10,9,12,14,12,9,11,14,10
My Jealousy,TR,4,7,10,7,6,8,0,7,6,8,12,7,6,8,12,7
NB Girls,TR,6,10,0,6,7,0,12,9,5,8,11,7,7,12,0,10
Nevermind,TR,7,11,13,12,7,11,0,12,7,10,13,12,7,10,15,13
sO mUCH iN LUV ~Melodic Twisted Mix~,TR,5,8,0,6,5,8,0,5,4,7,10,7,6,8,10,6
Someday,TR,3,5,9,4,4,8,10,6,5,7,11,6,4,6,10,7
STOP,TR,6,10,0,7,9,0,13,6,7,9,11,8,6,9,13,7
Streetlight,TR,2,7,0,2,3,6,0,3,5,9,0,5,4,8,0,1
Syriana ~Blast Wave Mix~,TR,8,11,0,8,8,11,12,9,8,11,0,6,8,10,13,9
Talk! Talk!,TR,5,10,13,7,6,8,13,9,8,11,13,10,7,9,12,11
The One,TR,5,10,0,8,5,9,11,11,7,10,12,10,6,9,12,10
Ventilator,TR,9,11,15,14,9,11,14,13,9,12,14,12,9,12,14,12
Yo Creo Que Si ~Live House Version~,TR,7,9,12,8,7,9,0,7,6,8,12,8,7,9,11,7
Your Own Miracle ~Disco House Mix~,TR,4,7,10,6,6,11,0,7,6,0,11,5,3,8,0,4
ZET,TR,7,10,0,7,7,10,0,9,7,10,13,9,8,11,13,7
Attack,VE,4,7,10,5,5,9,0,10,5,10,13,9,6,8,14,8
BLACK GOLD,VE,6,11,13,11,6,12,14,8,6,12,14,8,6,11,14,11
Do it,VE,5,8,12,3,7,0,11,2,5,11,0,5,5,11,0,2
Dream it,VE,4,8,11,5,4,7,11,7,4,7,10,6,5,8,12,9
Fancy Night,VE,2,5,9,3,4,6,9,4,4,7,9,5,6,0,10,4
FIGHT NIGHT (feat. Calyae),VE,5,8,13,8,6,10,13,8,6,10,13,8,8,12,14,5
Kensei,VE,7,10,14,12,8,12,14,11,7,11,14,11,8,12,14,12
Lisrim,VE,6,8,14,11,6,9,13,10,5,8,13,8,6,10,14,10
Lost Serenity,VE,4,7,10,5,4,8,11,6,4,7,11,6,6,11,0,5
Lost Temple,VE,5,8,0,10,3,8,11,10,5,8,10,8,5,7,12,10
Maharajah -fenomeno edition-,VE,3,5,10,4,5,9,11,3,5,7,11,7,6,9,12,6
Misty Er'A,VE,3,6,10,9,3,7,10,8,4,9,0,9,5,7,10,8
Move Yourself,VE,2,4,7,5,4,6,9,7,5,7,10,9,4,7,11,8
NANAIRO,VE,3,8,11,6,5,8,12,7,5,8,12,8,5,9,13,9
Never Die,VE,5,9,14,9,7,10,14,11,6,10,14,11,6,11,14,8
Remember Me,VE,7,10,12,8,6,10,13,7,7,11,13,9,7,11,14,7
Space Challenger,VE,4,10,0,7,5,8,12,9,5,9,12,10,5,11,0,8
Vile Requiem,VE,7,13,0,10,6,10,13,10,5,10,13,10,6,10,14,9
welcome to the space (feat. Jisun),VE,3,6,9,8,4,8,11,7,4,0,10,6,4,9,11,5
WONDER $LOT 777,VE,5,10,14,10,7,10,13,8,7,9,14,10,7,11,14,9
Arcade Love (feat. KNVWN),VE2,5,10,0,6,5,12,0,5,5,0,11,6,4,11,0,7
Chrysanthemum,VE2,5,8,12,8,6,9,11,9,6,9,0,9,7,12,0,9
Cocked Pistol,VE2,7,10,14,13,8,11,14,10,7,0,12,10,7,11,14,10
Daydream,VE2,7,11,14,11,7,11,15,12,7,11,14,9,7,10,15,11
FALLING IN LOVE,VE2,1,3,7,1,1,7,10,1,2,5,9,4,3,7,12,2
Flowering ~Original Ver.~,VE2,6,9,13,0,7,13,0,9,7,11,13,0,4,9,13,8
Forgotten,VE2,6,12,0,9,7,0,11,10,6,11,0,9,7,12,0,10
I’ve got a feeling,VE2,7,11,13,11,8,12,14,10,7,10,12,9,7,0,14,9
Imaginary dance,VE2,5,8,0,9,3,6,14,11,3,6,0,11,3,6,14,11
Melonaid,VE2,5,11,13,8,6,11,13,8,7,9,13,8,5,10,0,8
Memories of dreams,VE2,4,0,11,6,5,9,12,5,5,8,0,5,6,13,0,6
Never let you go,VE2,6,9,12,7,6,0,12,8,5,8,13,10,7,0,14,12
Odysseus,VE2,7,13,15,13,8,13,15,13,10,13,15,14,10,13,15,14
Over Me,VE2,6,0,14,12,7,10,14,13,8,0,13,11,7,0,14,11
Red Eyes,VE2,7,0,14,10,9,0,15,13,8,0,14,12,8,12,15,12
Sweet On You,VE2,4,9,0,3,5,8,0,4,4,7,0,6,6,12,0,6
Underwater Castle,VE2,2,6,10,1,4,7,11,4,3,7,11,5,4,12,0,5
Vertical Floating,VE2,6,11,14,7,7,11,0,10,7,11,13,11,7,0,14,11
Voyage (SOPHI),VE2,5,9,0,6,6,12,0,5,4,8,12,8,7,12,0,5
Won't Back Down,VE2,6,10,13,13,6,10,13,10,4,7,14,13,7,11,14,11
Zero to the hunnit,VE2,7,0,13,11,8,0,13,10,3,9,12,10,7,0,13,11
#mine (feat. Riho Iwamoto),VE3,5,8,10,8,5,9,12,7,5,8,12,6,6,9,12,7
Bambi - DJMAX Edit -,VE3,3,7,11,7,3,6,9,9,5,7,10,5,5,8,10,4
Bright Future,VE3,5,9,13,14,7,10,13,12,8,10,13,12,7,10,14,13
Charming World,VE3,4,6,9,4,5,7,10,5,4,6,9,7,5,7,10,4
Disappearing Act,VE3,7,11,13,12,8,12,14,14,6,11,15,14,8,11,15,12
Emerge,VE3,4,10,14,12,5,10,13,11,5,8,12,11,5,8,12,11
Every Day ~ Every Night,VE3,5,7,9,7,4,7,9,1,3,6,8,3,5,7,11,3
Fundamental,VE3,7,11,14,13,7,10,14,14,6,10,12,12,8,13,15,14
KICK IT,VE3,5,11,14,13,6,11,13,12,5,9,13,13,7,11,15,14
Misty E'ra 'Mui',VE3,3,7,12,11,4,10,13,12,4,8,12,10,5,11,13,10
Moment (feat. Nauts),VE3,3,7,12,8,5,8,12,8,5,8,12,9,6,8,12,9
NB RANGERS - Destiny,VE3,6,10,13,12,6,10,13,11,5,9,11,10,6,9,12,9
Plasma Sphere,VE3,4,8,13,11,3,9,13,11,5,9,12,9,6,12,14,12
Secret,VE3,4,8,10,4,4,7,10,3,4,6,10,3,4,8,11,6
Set Me Free,VE3,2,6,9,6,4,6,12,9,3,5,11,6,4,9,12,12
Space Dream (feat. J.O.Y),VE3,3,5,9,3,4,7,10,4,2,5,10,6,5,8,10,6
STEP,VE3,2,5,9,7,2,5,10,11,3,5,9,9,4,8,11,9
Tic! Tac! Toe!,VE3,4,7,13,9,4,7,11,8,4,7,11,9,4,8,13,8
Winners,VE3,5,11,14,10,6,12,14,11,5,10,13,10,7,12,14,12
Zero-Break,VE3,6,11,14,15,6,11,15,13,9,12,14,14,8,12,14,15
!!New Game Start!!,VE4,7,8,13,13,6,10,14,13,6,11,15,12,6,10,14,12
ADDICT!ON (DJMAX Edit),VE4,3,5,8,2,3,7,9,7,3,6,8,3,6,7,10,8
Back to the oldschool,VE4,6,8,10,12,7,10,11,11,5,9,13,11,7,10,13,12
Deadly Bomber,VE4,7,9,13,10,6,9,14,13,6,10,14,11,6,11,15,14
DIE IN,VE4,7,10,15,15,7,11,15,15,8,12,15,15,9,13,15,15
Don't Cry,VE4,2,4,7,1,2,6,8,1,1,4,8,3,2,5,9,4
Gloxinia,VE4,5,8,11,10,7,9,12,11,5,9,11,10,5,8,13,10
Hell'o,VE4,8,10,14,14,8,11,14,15,9,12,14,15,6,11,14,14
Hyper Drive,VE4,6,8,12,10,5,9,13,10,5,10,13,9,4,11,13,11
Hypernaid,VE4,6,8,10,6,6,8,12,8,4,8,11,6,5,9,13,7
Karma ~Original Ver.~,VE4,4,6,12,7,6,9,11,9,7,10,12,8,5,8,13,9
Like a Fool,VE4,2,5,8,4,2,5,8,3,1,4,9,3,2,6,9,3
Love.Game.Money,VE4,5,8,12,14,6,8,14,14,7,10,13,12,6,8,13,12
LUV,VE4,2,5,8,3,3,7,10,3,2,4,7,5,4,7,10,6
New World,VE4,4,7,11,9,6,10,12,10,5,9,11,8,6,9,13,10
Stay Alive,VE4,5,9,13,11,6,11,15,13,6,10,13,12,5,10,14,11
Stolen Memory,VE4,6,9,12,11,6,11,13,14,6,11,13,12,5,9,14,12
The Four Seasons : Summer 2017,VE4,6,9,11,9,5,9,13,12,5,8,11,10,5,9,13,12
To Where You Are,VE4,3,6,8,4,2,6,9,4,3,6,8,5,3,6,8,6
Vertical Eclipse,VE4,6,10,14,13,8,12,14,15,8,12,15,12,7,10,15,13
Weaponize,VE4,4,8,11,9,4,9,13,13,4,8,12,13,5,9,13,10
03:33,VE5,4,8,13,13,5,10,15,13,5,11,15,15,5,11,15,14
Accelerate,VE5,5,8,11,8,5,10,13,10,6,9,13,10,4,8,13,10
Behemoth,VE5,4,8,12,8,6,9,13,10,4,8,13,9,4,9,14,11
Carrot Carrot,VE5,8,11,13,12,6,10,14,13,10,13,15,14,9,13,15,14
Critical Point,VE5,7,8,13,13,6,11,14,12,6,10,14,12,6,10,14,11
ECiLA,VE5,5,8,10,6,5,8,12,8,5,9,12,10,4,8,12,9
glory MAX -to the MAXimum-,VE5,6,8,12,11,5,8,13,10,6,9,13,8,6,9,14,10
God Machine,VE5,3,8,13,10,5,8,13,11,6,8,13,11,4,7,14,11
Inside the Light,VE5,2,5,9,8,3,6,11,7,2,7,12,9,4,7,11,7
My Wonderland,VE5,6,8,13,9,6,8,13,8,6,9,13,8,5,9,13,9
Over the Starlight,VE5,4,7,10,6,3,5,10,6,3,7,10,6,4,8,12,7
Paradise,VE5,4,7,11,7,5,8,13,9,4,7,12,8,3,9,14,12
Peace Comes At a Price,VE5,4,6,9,7,4,7,12,7,3,7,10,6,3,8,12,10
Pitter-patter,VE5,5,8,11,9,4,8,13,11,4,7,13,11,5,9,13,11
Revenger,VE5,7,10,14,13,6,11,15,13,7,12,15,12,7,11,15,14
Rhapsody for The VEndetta,VE5,8,10,14,13,6,10,15,14,7,11,15,13,6,10,15,14
Right Time [ScreaM Records],VE5,2,5,10,6,2,5,13,9,3,7,11,9,3,9,13,11
Rocket Launcher,VE5,5,8,11,9,5,9,13,11,4,8,12,9,5,9,13,10
S.A.V.E,VE5,4,8,11,9,5,8,12,9,3,8,11,7,5,8,13,9
Shining Light (feat. Shabel Tonya),VE5,4,8,10,5,4,8,11,6,5,9,11,5,5,8,11,7
Away,VL,4,7,10,12,4,9,14,12,4,9,13,11,4,9,13,11
Basement,VL,6,8,13,13,6,10,13,12,5,11,14,13,7,11,13,12
Bestie,VL,2,6,9,5,3,6,11,7,2,5,10,5,3,7,10,8
Break Out,VL,2,6,9,5,5,8,12,8,5,8,11,7,5,8,12,7
Broken Sphere,VL,3,8,13,11,5,9,15,13,5,10,14,11,6,10,15,14
Cold Generation,VL,3,7,10,5,5,7,11,7,3,7,12,7,5,8,13,7
Confession in Another World ~Pan Remix~,VL,4,7,11,8,5,8,11,7,3,7,11,8,5,8,11,6
Cotton Candy Soda,VL,5,8,12,11,6,8,12,10,4,8,13,10,6,9,12,9
Diomedes,VL,8,13,15,14,7,13,15,15,11,14,15,15,8,12,15,14
Diomedes ~Extended Mix~,VL,7,12,15,13,8,13,15,13,11,14,15,14,6,12,15,14
Final Hour (Game Ver.),VL,2,5,9,6,5,7,11,8,3,7,11,9,4,8,11,8
Final Round,VL,5,8,12,11,6,10,13,11,5,9,13,11,6,10,13,11
Follow Me,VL,5,9,10,12,4,9,12,10,4,7,12,12,4,9,13,10
Growing Pains [ScreaM Records],VL,5,9,11,10,6,9,12,9,4,8,13,11,5,9,13,9
Licrom,VL,5,9,12,14,5,10,13,11,6,11,15,13,5,10,13,11
O'men,VL,7,10,13,14,7,11,15,15,8,13,15,14,8,11,15,15
Petunia,VL,2,6,10,7,5,8,12,7,3,7,13,10,5,8,13,9
Rhythm In My Head,VL,6,10,13,12,6,10,12,12,6,10,14,12,7,11,14,12
Song For You,VL,1,4,6,1,2,3,6,3,3,4,9,3,3,6,9,3
Synchronize,VL,4,9,12,9,6,10,13,11,4,10,14,11,6,11,13,11
TRAP,VL,2,4,8,2,3,6,9,4,2,5,9,4,2,6,10,3
1! 2! 3! 4! Streaming rn CHU!,VL2,6,10,15,15,6,12,15,15,7,12,15,15,6,12,15,15
B!G-BANG CHALLENGE,VL2,7,12,15,14,7,11,15,13,7,11,14,14,8,12,15,12
break it down!,VL2,6,10,14,11,4,8,14,10,4,9,12,9,4,8,13,7
Cata (feat. NC.A),VL2,3,7,11,9,5,8,12,8,5,9,12,9,5,10,12,9
Cheonmasan,VL2,3,8,11,9,5,8,11,9,5,8,11,9,5,8,11,8
Delusion (feat. SOONHO),VL2,7,11,15,14,7,11,14,14,7,11,15,14,6,12,14,14
ELIXIR,VL2,8,11,15,14,7,12,15,14,8,12,15,13,7,13,15,14
Hikari (feat. Negoto Bunnyla),VL2,3,8,12,7,5,9,12,6,5,9,10,8,4,9,12,7
Kakera,VL2,4,7,12,10,6,10,13,10,6,10,12,10,5,10,13,10
Krush,VL2,5,9,14,13,6,10,13,13,8,11,14,12,6,9,14,12
Love or Die,VL2,4,9,12,11,5,9,12,10,7,9,11,7,6,10,12,10
Mad (feat. WaMi),VL2,3,8,12,7,6,10,11,9,4,9,11,7,6,9,11,8
MADNESS (feat. U1),VL2,5,9,12,11,7,10,12,10,4,8,10,10,6,10,12,10
Misty Er'A ~One Day~,VL2,6,8,14,11,5,9,13,9,4,9,12,9,4,9,13,8
Outcast (feat. BIRA),VL2,2,7,11,7,4,6,13,11,3,8,12,7,4,8,13,9
Pull The Trigger,VL2,4,9,12,8,5,9,12,9,4,9,12,9,6,9,12,10
RIPPER,VL2,6,10,14,11,5,8,13,11,5,10,13,12,6,11,13,12
Rocket Ride,VL2,2,8,12,6,3,7,11,7,4,8,11,8,5,7,11,7
Saga Script,VL2,6,9,12,8,6,10,12,10,5,9,13,10,6,8,13,10
TOXIC (feat. Shabel Tonya),VL2,3,6,10,8,3,7,11,8,5,8,11,9,5,9,12,7